"LegacyUrl","Path","Type","Status","Title","Canonical","ProposedDestination","Decision"
"https://vitorize.com","/","Page","200","ویتورایز | خرید سریع و مطمئن خدمات و محصولات دیجیتال","","","Review"
"https://vitorize.com/about-us","/about-us","Page","200","درباره ویتورایز | معرفی و سابقه فعالیت","","","Review"
"https://vitorize.com/blog","/blog","Page","200","ویتورایز | خرید سریع و مطمئن خدمات و محصولات دیجیتال","","","Review"
"https://vitorize.com/blog/2026","/blog/2026","Blog","200","قرعه‌کشی هدایای ارزشمند ویتورایز به مناسبت سال نو میلادی","","","Review"
"https://vitorize.com/blog/blackfriday","/blog/blackfriday","Blog","200","تخفیفات بلک فرایدی در ویتورایز | خرید هرچیزی با قیمتی استثنایی","","","Review"
"https://vitorize.com/blog/charge-cards","/blog/charge-cards","Blog","200","ویتورایز | خرید سریع و مطمئن خدمات و محصولات دیجیتال | شارژ اتوماتیک ویزا کارت و مستر کارت!🔥 سرویس جدید ویتورایز","","","Review"
"https://vitorize.com/blog/ea-sports-fc26-cover-release","/blog/ea-sports-fc26-cover-release","Blog","200","کاور رسمی FC 26 | زلاتان ابراهیموویچ روی جلد نسخه آلتیمیت | EA Sports","","","Review"
"https://vitorize.com/blog/fake-address","/blog/fake-address","Blog","200","نمونه آدرس فیک آمریکا - انگلیس - ترکیه - هند Fake Address","","","Review"
"https://vitorize.com/blog/microsoft-layoffs-2025","/blog/microsoft-layoffs-2025","Blog","200","اخراج ۹۱۰۰ نفر از مایکروسافت؛ موج تازه تعدیل در تکنولوژی","","","Review"
"https://vitorize.com/blog/psn-account-slot-guide","/blog/psn-account-slot-guide","Blog","200","تفاوت ظرفیت اول، دوم و سوم اکانت پلی استیشن | ویتورایز","","","Review"
"https://vitorize.com/blog/telegram-account-recovery","/blog/telegram-account-recovery","Blog","200","راهنمای جامع ریست و بازیابی اکانت تلگرام (بدون دسترسی به ایمیل)","","","Review"
"https://vitorize.com/blog/Telegram-Premium","/blog/Telegram-Premium","Blog","200","راهنمای خرید پرمیوم تلگرام","","","Review"
"https://vitorize.com/blog/Virtual-Number","/blog/Virtual-Number","Blog","200","راهنمای خرید شماره مجازی تلگرام","","","Review"
"https://vitorize.com/blog/xbox","/blog/xbox","Blog","200","ظرفیت اکانت Xbox: راهنمای هوم، سوییچ و ظرفیت کامل","","","Review"
"https://vitorize.com/cashback","/cashback","Page","200","۳٪ بازگشت وجه خودکار به ازای هر خرید","","","Review"
"https://vitorize.com/category/ai","/category/ai","Category","200","ویتورایز | خرید سریع و مطمئن خدمات و محصولات دیجیتال | هوش مصنوعی","","","Review"
"https://vitorize.com/category/chatgpt","/category/chatgpt","Category","200","خرید اکانت قانونی گوگل جمینای AI Plus, Pro, Ultra - ویتورایز","","","Review"
"https://vitorize.com/category/claude-ai","/category/claude-ai","Category","200","خرید اشتراک قانونی هوش مصنوعی کلود (Claude Pro و Max) - ویتورایز","","","Review"
"https://vitorize.com/category/cod-mobile","/category/cod-mobile","Category","200","خدمات کامل کالاف دیوتی موبایل","","","Review"
"https://vitorize.com/category/cod-mobile-cp","/category/cod-mobile-cp","Category","200","خرید سی‌پی بازی کالاف دیوتی موبایل","","","Review"
"https://vitorize.com/category/cod-warzone","/category/cod-warzone","Category","200","خدمات ویژه کالاف دیوتی وارزون","","","Review"
"https://vitorize.com/category/cod-warzone-cp","/category/cod-warzone-cp","Category","200","خرید سی‌پی کالاف دیوتی وارزون","","","Review"
"https://vitorize.com/category/discord-services","/category/discord-services","Category","200","خدمات حرفه‌ای دیسکورد","","","Review"
"https://vitorize.com/category/game-currencies","/category/game-currencies","Category","200","خرید سی‌پی، جم و واحد پولی بازی‌ها","","","Review"
"https://vitorize.com/category/gaming-services","/category/gaming-services","Category","200","سرویس‌های گیمینگ ویژه گیمرها","","","Review"
"https://vitorize.com/category/google-ai-gemini","/category/google-ai-gemini","Category","200","خرید اشتراک اختصاصی گوگل جمینای Gemini ارزان ترین قیمت","","","Review"
"https://vitorize.com/category/non-reloadable-cards","/category/non-reloadable-cards","Category","200","کارت های پریپید (غیر قابل شارژ) مجازی","","","Review"
"https://vitorize.com/category/permanent-virtual-number","/category/permanent-virtual-number","Category","200","خرید شماره مجازی دائمی (آمریکا و جهانی) | ویتورایز","","","Review"
"https://vitorize.com/category/playstation-accounts","/category/playstation-accounts","Category","200","خرید اکانت قانونی پلی استیشن","","","Review"
"https://vitorize.com/category/playstation-plus","/category/playstation-plus","Category","200","ویتورایز | خرید سریع و مطمئن خدمات و محصولات دیجیتال | پلاس پلی استیشن","","","Review"
"https://vitorize.com/category/playstation-services","/category/playstation-services","Category","200","خدمات کامل پلی استیشن با قیمت مناسب","","","Review"
"https://vitorize.com/category/services","/category/services","Category","200","خدمات فروشگاهی و دیجیتال ویـتو‌شاپ","","","Review"
"https://vitorize.com/category/spotify-services","/category/spotify-services","Category","200","خرید اشتراک اسپاتیفای پرمیوم","","","Review"
"https://vitorize.com/category/subscriptions","/category/subscriptions","Category","200","خرید اشتراک ارزان برنامه و سایت‌ها","","","Review"
"https://vitorize.com/category/telegram-premium","/category/telegram-premium","Unknown","502","","","","Review"
"https://vitorize.com/category/telegram-services","/category/telegram-services","Category","200","تهیه خدمات تلگرام در ویتورایز","","","Review"
"https://vitorize.com/category/temporary-virtual-number","/category/temporary-virtual-number","Category","200","خرید شماره مجازی موقت (یکبار مصرف) ارزان | ویتورایز","","","Review"
"https://vitorize.com/category/virtual-cards","/category/virtual-cards","Category","200","خرید کارت مجازی ویزا و مستر","","","Review"
"https://vitorize.com/category/virtual-number","/category/virtual-number","Category","200","خرید شماره مجازی (دائمی و موقت) | تحویل فوری - ویتورایز","","","Review"
"https://vitorize.com/category/xbox-accounts","/category/xbox-accounts","Category","200","خرید اکانت قانونی ایکس باکس","","","Review"
"https://vitorize.com/category/xbox-game-pass","/category/xbox-game-pass","Category","200","خرید گیم پس ایکس باکس با قیمت عالی","","","Review"
"https://vitorize.com/category/xbox-services","/category/xbox-services","Category","200","خدمات ایکس باکس با تحویل سریع","","","Review"
"https://vitorize.com/contact-us","/contact-us","Page","200","ارتباط با ما | پشتیبانی و تماس با ویتورایز","","","Review"
"https://vitorize.com/product/%D8%B4%D9%85%D8%A7%D8%B1%D9%87-%D9%85%D8%AC%D8%A7%D8%B2%DB%8C-%D8%AF%D8%A7%D8%A6%D9%85%DB%8C-%D9%81%D8%A7%D9%86%DB%8C%E2%80%8C%D8%AA%D9%84","/product/%D8%B4%D9%85%D8%A7%D8%B1%D9%87-%D9%85%D8%AC%D8%A7%D8%B2%DB%8C-%D8%AF%D8%A7%D8%A6%D9%85%DB%8C-%D9%81%D8%A7%D9%86%DB%8C%E2%80%8C%D8%AA%D9%84","Product","200","خرید شماره مجازی دائمی فانی‌تل | فعالسازی فوری و مطمئن","","","Review"
"https://vitorize.com/product/battlefield-1-xbox","/product/battlefield-1-xbox","Product","200","ویتورایز | خرید سریع و مطمئن خدمات و محصولات دیجیتال | اکانت قانونی بازی بتلفیلد Battlefield 1 برای XBOX","","","Review"
"https://vitorize.com/product/call-of-duty-modern-warfare-4-ps5","/product/call-of-duty-modern-warfare-4-ps5","Product","200","خرید اکانت قانونی بازی Call of Duty Modern Warfare 4 برای PS5","","","Review"
"https://vitorize.com/product/call-of-duty-ww2-xbox","/product/call-of-duty-ww2-xbox","Product","200","خرید اکانت قانونی Call Of Duty WWII برای XBOX","","","Review"
"https://vitorize.com/product/chatgpt","/product/chatgpt","Product","200","خرید اکانت قانونی گوگل جمینای AI Plus, Pro, Ultra - ویتورایز","","","Review"
"https://vitorize.com/product/claude-max","/product/claude-max","Product","200","خرید اکانت کلود مکس (Claude Max) | بالاترین ظرفیت - ویتورایز","","","Review"
"https://vitorize.com/product/claude-pro","/product/claude-pro","Product","200","خرید اشتراک کلود پرو (Claude Pro) | تحویل فوری - ویتورایز","","","Review"
"https://vitorize.com/product/Cod-Points-Fast","/product/Cod-Points-Fast","Product","200","خرید سی پی فوری کالاف دیوتی موبایل","","","Review"
"https://vitorize.com/product/death-stranding-2-on-the-beach-playstation","/product/death-stranding-2-on-the-beach-playstation","Product","200","اکانت قانونی Death Stranding 2: On the Beach برای PS5 | تحویل فوری و ارزان","","","Review"
"https://vitorize.com/product/detroit-become-human-playstation","/product/detroit-become-human-playstation","Product","200","خرید اکانت قانونی بازی Detroit: Become Human برای PS4 و PS5","","","Review"
"https://vitorize.com/product/discord-nitro","/product/discord-nitro","Product","200","خرید نیترو دیسکورد","","","Review"
"https://vitorize.com/product/ea-sports-fc-25-standard-xbox","/product/ea-sports-fc-25-standard-xbox","Product","200","خرید اکانت قانونی EA Sports FC 25 برای XBOX","","","Review"
"https://vitorize.com/product/ea-sports-fc-26-playstation","/product/ea-sports-fc-26-playstation","Product","200","ویتورایز | خرید سریع و مطمئن خدمات و محصولات دیجیتال | اکانت قانونی بازی EA Sports FC 26 Standard برای PS4/PS5","","","Review"
"https://vitorize.com/product/fanytel-virtual-number","/product/fanytel-virtual-number","Unknown","503","","","","Review"
"https://vitorize.com/product/first-light-007-ps5","/product/first-light-007-ps5","Product","200","خرید اکانت قانونی بازی 007 First Light برای PS5 - ویتورایز","","","Review"
"https://vitorize.com/product/google-gemini","/product/google-gemini","Product","200","خرید اشتراک اختصاصی گوگل جمینای Gemini ارزان ترین قیمت","","","Review"
"https://vitorize.com/product/grand-theft-auto-v-xbox","/product/grand-theft-auto-v-xbox","Product","200","خرید اکانت قانونی Grand Theft Auto V برای XBOX","","","Review"
"https://vitorize.com/product/gta-vi","/product/gta-vi","Product","200","پیش خرید اکانت قانونی بازی GTA VI برای PS5 - ویتورایز","","","Review"
"https://vitorize.com/product/mafia-the-old-country-playstation","/product/mafia-the-old-country-playstation","Product","200","خرید بازی Mafia: The Old Country برای PS5 با قیمت عالی","","","Review"
"https://vitorize.com/product/outlast-1-xbox","/product/outlast-1-xbox","Product","200","خرید اکانت قانونی Outlast 1 برای XBOX","","","Review"
"https://vitorize.com/product/playstation-plus","/product/playstation-plus","Product","200","خرید اکانت قانونی پلی استیشن پلاس اسنشیال، اکسترا و پریمیوم","","","Review"
"https://vitorize.com/product/prepaid-visa-card-usa","/product/prepaid-visa-card-usa","Product","200","خرید ویزا کارت پریپید آمریکا Prepaid Visa Card تحویل فوری","","","Review"
"https://vitorize.com/product/ready-or-not-playstation","/product/ready-or-not-playstation","Product","200","خرید اکانت قانونی بازی Ready or Not برای PS5 با قیمت ارزان","","","Review"
"https://vitorize.com/product/red-read-redemption-2-xbox","/product/red-read-redemption-2-xbox","Product","200","خرید اکانت قانونی Red Dead Redemption 2 برای XBOX","","","Review"
"https://vitorize.com/product/renew-fanytel-virtual-number","/product/renew-fanytel-virtual-number","Product","200","خرید و تمدید اشتراک شماره مجازی دائمی فانی‌تل (Fanytel)","","","Review"
"https://vitorize.com/product/spotify","/product/spotify","Product","200","خرید اشتراک قانونی اسپاتیفای پریمیوم (۱ تا ۱۲ ماهه) - ویتورایز","","","Review"
"https://vitorize.com/product/telegram-boost","/product/telegram-boost","Product","200","خرید بوست تلگرام واقعی | افزایش سریع اعضا و بازدید","","","Review"
"https://vitorize.com/product/telegram-gifts","/product/telegram-gifts","Product","200","خرید گیفت استیکر و NFT دلخواه تلگرام","","","Review"
"https://vitorize.com/product/telegram-premium-gifty","/product/telegram-premium-gifty","Product","200","خرید پرمیوم گیفتی تلگرام | هدیه پرمیوم با قیمت مناسب","","","Review"
"https://vitorize.com/product/telegram-premium-login","/product/telegram-premium-login","Product","200","خرید پرمیوم لاگین تلگرام فوری | فعال‌سازی سریع و امن","","","Review"
"https://vitorize.com/product/telegram-stars","/product/telegram-stars","Product","200","خرید استارز تلگرام (Stars) | پرداخت سریع و قیمت مناسب","","","Review"
"https://vitorize.com/product/telegram-virtual-number","/product/telegram-virtual-number","Product","200","خرید شماره مجازی تلگرام فعال | تضمینی و با کیفیت","","","Review"
"https://vitorize.com/product/uncharted-the-nathan-drake-collection-playstation","/product/uncharted-the-nathan-drake-collection-playstation","Product","200","خرید اکانت قانونی Uncharted: The Nathan Drake Collection","","","Review"
"https://vitorize.com/product/usa-american-express","/product/usa-american-express","Product","200","امریکن اکسپرس مجازی American Express","","","Review"
"https://vitorize.com/product/virtual-credit-card","/product/virtual-credit-card","Product","200","خرید ویزا کارت و مستر کارت اعتباری ترکیه | مناسب پرداخت بین‌المللی","","","Review"
"https://vitorize.com/product/warzone-cod-points","/product/warzone-cod-points","Product","200","خرید سی پی کالاف دیوتی وارزون","","","Review"
"https://vitorize.com/product/xbox-game-pass","/product/xbox-game-pass","Product","200","خرید گیم پس ایکس باکس","","","Review"
"https://vitorize.com/terms","/terms","Page","200","شرایط و قوانین استفاده از خدمات ویتورایز","","","Review"
